<?xml version="1.0" encoding="UTF-8"?>
<Configuration monitorInterval="30">
    <Properties>
        <Property name="LOG_PATTERN_NO_TIME">
            %p %m%n
        </Property>
        <Property name="LOG_PATTERN">
            %d{yyyy-MM-dd'T'HH:mm:ss.SSSZ} %p %m%n
        </Property>
    </Properties>

    <Appenders>
        <Console name="console" target="SYSTEM_OUT" follow="true">
            <PatternLayout pattern="${LOG_PATTERN}"/>
        </Console>
        <File name="file" fileName="./log/${date:yyyy-MM-dd}.log" append="true">
            <PatternLayout charset="UTF-8" pattern="${LOG_PATTERN}"/>
        </File>
    </Appenders>

    <Loggers>
        <Root level="trace">
            <!-- <AppenderRef ref="file"/> -->
            <AppenderRef ref="console"/>
        </Root>
    </Loggers>
</Configuration>